{
    "accuracy": 0.74,
    "precision": 0.8571428571428571,
    "recall": 0.5217391304347826,
    "auc": 0.7661030595813204
}